title,"Number of rentals"
"DOGMA FAMILY",8
"PULP BEVERLY",8
"RUSH GOODFELLAS",8
"SPY MILE",8
"BEVERLY OUTLAW",8
"DANCING FEVER",8
"MOCKINGBIRD HOLLYWOOD",8
"ACADEMY DINOSAUR",8
"BOOGIE AMELIE",8
"BUCKET BROTHERHOOD",8
"GIANT TROOPERS",8
"JUGGLER HARDLY",8
"ROCKETEER MOTHER",8
"SWARM GOLD",8
"FROST HEAD",8
"METROPOLIS COMA",8
"NETWORK PEAK",8
"WIFE TURN",8
"CONFIDENTIAL INTERVIEW",8
"GILMORE BOILED",8
"LOATHING LEGALLY",8
"OPERATION OPERATION",8
"SEABISCUIT PUNK",8
"SHOCK CABIN",8
"BINGO TALENTED",8
"HUSTLER PARTY",8
"INNOCENT USUAL",8
"STREETCAR INTENTIONS",8
"SWEETHEARTS SUSPECTS",8
"BOUND CHEAPER",8
"CROSSROADS CASUALTIES",8
"GLEAMING JAWBREAKER",8
"GREATEST NORTH",8
"HEAVYWEIGHTS BEAST",8
"MARRIED GO",8
"BUTTERFLY CHOCOLAT",8
"MUSCLE BRIGHT",8
"DINOSAUR SECRETARY",8
"EXPENDABLE STALLION",8
"ROSES TREASURE",8
"TITANS JERK",8
"CAT CONEHEADS",8
"TRIP NEWTON",8
"CUPBOARD SINNERS",8
"FORWARD TEMPLE",8
"GRIT CLOCKWORK",8
"LOSE INCH",8
"MOON BUNCH",8
"RIDGEMONT SUBMARINE",8
"VIRGINIAN PLUTO",8
"CURTAIN VIDEOTAPE",8
"DYNAMITE TARZAN",8
"HORROR REIGN",8
"KISS GLORY",8
"RUGRATS SHAKESPEARE",8
"SATURDAY LAMBS",8
"STING PERSONAL",8
"TELEMARK HEARTBREAKERS",8
"GARDEN ISLAND",8
"HOBBIT ALIEN",8
"PRIMARY GLASS",8
"TORQUE BOUND",8
"INVASION CYCLONE",8
"DEER VIRGINIAN",8
"FAMILY SWEET",8
"GOODFELLAS SALUTE",8
"HARRY IDAHO",8
"PITY BOUND",8
"SCALAWAG DUCK",8
"STORM HAPPINESS",8
"ZORRO ARK",8
"APACHE DIVINE",8
"ROBBERS JOON",7
"STORY SIDE",7
"VOYAGE LEGALLY",7
"WONDERLAND CHRISTMAS",7
"CHANCE RESURRECTION",7
"FLAMINGOS CONNECTICUT",7
"ISLAND EXORCIST",7
"LIES TREATMENT",7
"REDEMPTION COMFORTS",7
"TRACY CIDER",7
"WESTWARD SEABISCUIT",7
"CAPER MOTIONS",7
"CLASH FREDDY",7
"MALKOVICH PET",7
"SHEPHERD MIDSUMMER",7
"SLEEPING SUSPECTS",7
"STRANGELOVE DESIRE",7
"SUSPECTS QUILLS",7
"TRADING PINOCCHIO",7
"ARACHNOPHOBIA ROLLERCOASTER",7
"CONEHEADS SMOOCHY",7
"EFFECT GLADIATOR",7
"FATAL HAUNTED",7
"GRAFFITI LOVE",7
"HALF OUTFIELD",7
"HEAD STRANGER",7
"MALLRATS UNITED",7
"PELICAN COMFORTS",7
"POCUS PULP",7
"SABRINA MIDNIGHT",7
"SCORPION APOLLO",7
"ARIZONA BANG",7
"EGG IGBY",7
"HEARTBREAKERS BRIGHT",7
"MALTESE HOPE",7
"REIGN GENTLEMEN",7
"ARMAGEDDON LOST",7
"CARRIE BUNCH",7
"GRAPES FURY",7
"HURRICANE AFFAIR",7
"SOUTH WAIT",7
"UNDEFEATED DALMATIONS",7
"AFFAIR PREJUDICE",7
"BASIC EASY",7
"DETECTIVE VISION",7
"DORADO NOTTING",7
"JASON TRAP",7
"MONEY HAROLD",7
"SHOOTIST SUPERFLY",7
"TIGHTS DAWN",7
"AMISTAD MIDSUMMER",7
"CLOSER BANG",7
"DOUBLE WRATH",7
"NIGHTMARE CHILL",7
"STAR OPERATION",7
"STRICTLY SCARFACE",7
"TALENTED HOMICIDE",7
"TIMBERLAND SKY",7
"ATLANTIS CAUSE",7
"NONE SPIKING",7
"ORANGE GRAPES",7
"SAMURAI LION",7
"SLUMS DUCK",7
"TITANIC BOONDOCK",7
"VIDEOTAPE ARSENIC",7
"WRONG BEHAVIOR",7
"CHILL LUCK",7
"DOWNHILL ENOUGH",7
"DURHAM PANKY",7
"FICTION CHRISTMAS",7
"HANKY OCTOBER",7
"ICE CROSSING",7
"PIANIST OUTFIELD",7
"STEEL SANTA",7
"CLUELESS BUCKET",7
"FORRESTER COMANCHEROS",7
"INTENTIONS EMPIRE",7
"OSCAR GOLD",7
"WITCHES PANIC",7
"BLACKOUT PRIVATE",7
"CALENDAR GUNFIGHT",7
"MASSACRE USUAL",7
"MINDS TRUMAN",7
"STEPMOM DREAM",7
"TELEGRAPH VOYAGE",7
"TOMORROW HUSTLER",7
"ALADDIN CALENDAR",7
"CONTACT ANONYMOUS",7
"DISTURBING SCARFACE",7
"GANGS PRIDE",7
"GOLDFINGER SENSIBILITY",7
"IDOLS SNATCHERS",7
"RANGE MOONWALKER",7
"SNATCH SLIPPER",7
"SUN CONFESSIONS",7
"ALAMO VIDEOTAPE",7
"CAMELOT VACATION",7
"DECEIVER BETRAYED",7
"GOLDMINE TYCOON",7
"INTRIGUE WORST",7
"WOMEN DORADO",7
"ALASKA PHANTOM",7
"CAMPUS REMEMBER",7
"ENEMY ODDS",7
"JERK PAYCHECK",7
"KNOCK WARLOCK",7
"PRINCESS GIANT",7
"RIVER OUTLAW",7
"SNOWMAN ROLLERCOASTER",7
"COMA HEAD",7
"ENGLISH BULWORTH",7
"FIREBALL PHILADELPHIA",7
"PATTON INTERVIEW",7
"SPLENDOR PATTON",7
"EARTH VISION",7
"FISH OPUS",7
"GUNFIGHT MOON",6
"JET NEIGHBORS",6
"KWAI HOMEWARD",6
"PACIFIC AMISTAD",6
"SCARFACE BANG",6
"SHANGHAI TYCOON",6
"SINNERS ATLANTIS",6
"BROTHERHOOD BLANKET",6
"CANYON STOCK",6
"DRIVING POLISH",6
"FANTASY TROOPERS",6
"HAUNTING PIANIST",6
"HUNCHBACK IMPOSSIBLE",6
"PACKER MADIGAN",6
"SHAWSHANK BUBBLE",6
"SLACKER LIAISONS",6
"STRAIGHT HOURS",6
"WONKA SEA",6
"ALONE TRIP",6
"COMMAND DARLING",6
"ESCAPE METROPOLIS",6
"FARGO GANDHI",6
"INCH JET",6
"LADY STAGE",6
"NEIGHBORS CHARADE",6
"ROCK INSTINCT",6
"SONS INTERVIEW",6
"WAIT CIDER",6
"ALTER VICTORY",6
"FLATLINERS KILLER",6
"INDEPENDENCE HOTEL",6
"METAL ARMAGEDDON",6
"MOVIE SHAKESPEARE",6
"THIEF PELICAN",6
"VANISHING ROCKY",6
"WHISPERER GIANT",6
"AMADEUS HOLY",6
"BARBARELLA STREETCAR",6
"CAROL TEXAS",6
"CREATURES SHAKESPEARE",6
"HALL CASSIDY",6
"INDIAN LOVE",6
"LION UNCUT",6
"PERFECT GROOVE",6
"SEA VIRGIN",6
"STAGECOACH ARMAGEDDON",6
"WORKING MICROCOSMOS",6
"BILL OTHERS",6
"BORROWERS BEDAZZLED",6
"CHASING FIGHT",6
"DOORS PRESIDENT",6
"FELLOWSHIP AUTUMN",6
"JUMPING WRATH",6
"PANTHER REDS",6
"POLLOCK DELIVERANCE",6
"QUEEN LUKE",6
"REMEMBER DIARY",6
"VELVET TERMINATOR",6
"WARDROBE PHANTOM",6
"AMERICAN CIRCUS",6
"BOULEVARD MOB",6
"CROOKED FROGMEN",6
"EXCITEMENT EVE",6
"FLYING HOOK",6
"GREASE YOUTH",6
"HOMICIDE PEACH",6
"LUST LOCK",6
"MUMMY CREATURES",6
"POND SEATTLE",6
"QUEST MUSSOLINI",6
"REQUIEM TYCOON",6
"ROMAN PUNK",6
"CONGENIALITY QUEST",6
"FEUD FROGMEN",6
"FOOL MOCKINGBIRD",6
"HANDICAP BOONDOCK",6
"HONEY TIES",6
"HYDE DOCTOR",6
"INSECTS STONE",6
"LOLA AGENT",6
"MIDSUMMER GROUNDHOG",6
"MURDER ANTITRUST",6
"PARADISE SABRINA",6
"ROOM ROMAN",6
"SALUTE APOLLO",6
"SHOW LORD",6
"WIND PHANTOM",6
"AGENT TRUMAN",6
"KARATE MOON",6
"LEAGUE HELLFIGHTERS",6
"PHILADELPHIA WIFE",6
"RACER EGG",6
"FORREST SONS",6
"GALAXY SWEETHEARTS",6
"GO PURPLE",6
"HELLFIGHTERS SIERRA",6
"MADNESS ATTACKS",6
"ORIENT CLOSER",6
"RAGE GAMES",6
"SECRETARY ROUGE",6
"SPICE SORORITY",6
"SUGAR WONKA",6
"ANGELS LIFE",6
"ATTRACTION NEWTON",6
"BEAUTY GREASE",6
"BIRDS PERDITION",6
"EMPIRE MALKOVICH",6
"HIGH ENCINO",6
"LEBOWSKI SOLDIERS",6
"MASKED BUBBLE",6
"MUSKETEERS WAIT",6
"PREJUDICE OLEANDER",6
"SECRETS PARADISE",6
"SMOKING BARBARELLA",6
"SUIT WALLS",6
"YENTL IDAHO",6
"CAUSE DATE",6
"DAWN POND",6
"DISCIPLE MOTHER",6
"DRACULA CRYSTAL",6
"ENCINO ELF",6
"FIDELITY DEVIL",6
"HIGHBALL POTTER",6
"HORN WORKING",6
"JEKYLL FROGMEN",6
"OTHERS SOUP",6
"TROJAN TOMORROW",6
"BLADE POLISH",6
"CELEBRITY HORN",6
"CHOCOLAT HARRY",6
"ENCOUNTERS CURTAIN",6
"FIGHT JAWBREAKER",6
"HILLS NEIGHBORS",6
"MINE TITANS",6
"MOONSHINE CABIN",6
"PINOCCHIO SIMON",6
"TROOPERS METAL",6
"WOLVES DESIRE",6
"BRIDE INTRIGUE",6
"CENTER DINOSAUR",6
"CHRISTMAS MOONSHINE",6
"DIVIDE MONSTER",6
"EAGLES PANKY",6
"FREDDY STORM",6
"NAME DETECTIVE",6
"OUTFIELD MASSACRE",6
"PIRATES ROXANNE",6
"SUNDANCE INVASION",6
"TROUBLE DATE",6
"VACATION BOONDOCK",6
"WEDDING APOLLO",6
"BADMAN DAWN",6
"CHAINSAW UPTOWN",6
"CIDER DESIRE",6
"COLOR PHILADELPHIA",6
"CONVERSATION DOWNHILL",6
"DREAM PICKUP",6
"FALCON VOLUME",6
"GASLIGHT CRUSADE",6
"HARPER DYING",6
"HOURS RAGE",6
"LIAISONS SWEET",6
"OUTLAW HANKY",6
"SHAKESPEARE SADDLE",6
"SUNRISE LEAGUE",6
"TRUMAN CRAZY",6
"VOICE PEACH",6
"BRINGING HYSTERICAL",6
"CANDIDATE PERDITION",6
"DRIFTER COMMANDMENTS",6
"EARRING INSTINCT",6
"GUN BONNIE",6
"HOUSE DYNAMITE",6
"MAIDEN HOME",6
"NATIONAL STORY",6
"OZ LIAISONS",6
"ROAD ROXANNE",6
"VOLCANO TEXAS",6
"ALIEN CENTER",6
"BALLOON HOMEWARD",6
"BERETS AGENT",6
"BROOKLYN DESERT",6
"CANDLES GRAPES",6
"DALMATIONS SWEDEN",6
"DESERT POSEIDON",6
"FANTASIA PARK",6
"GENTLEMEN STAGE",6
"HUMAN GRAFFITI",5
"LOVELY JINGLE",5
"PAYCHECK WAIT",5
"SOMETHING DUCK",5
"TUXEDO MILE",5
"EASY GLADIATOR",5
"GHOST GROUNDHOG",5
"MOULIN WAKE",5
"GRADUATE LORD",5
"HOLOCAUST HIGHBALL",5
"JOON NORTHWEST",5
"MERMAID INSECTS",5
"MOURNING PURPLE",5
"PEAK FOREVER",5
"BANGER PINOCCHIO",5
"CLEOPATRA DEVIL",5
"JACKET FRISCO",5
"NEMO CAMPUS",5
"PURE RUNNER",5
"SLEEPLESS MONSOON",5
"UNBREAKABLE KARATE",5
"WORKER TARZAN",5
"CHARIOTS CONSPIRACY",5
"CONFESSIONS MAGUIRE",5
"DESTINY SATURDAY",5
"DOOM DANCING",5
"OPEN AFRICAN",5
"ROCKY WAR",5
"SLEEPY JAPANESE",5
"SWEDEN SHINING",5
"VARSITY TRIP",5
"WAR NOTTING",5
"BAREFOOT MANCHURIAN",5
"BULL SHAWSHANK",5
"DETAILS PACKER",5
"EGYPT TENENBAUMS",5
"FLINTSTONES HAPPINESS",5
"HEAVEN FREEDOM",5
"MANCHURIAN CURTAIN",5
"SAGEBRUSH CLUELESS",5
"SLEUTH ORIENT",5
"CASABLANCA SUPER",5
"CHEAPER CLYDE",5
"CLONES PINOCCHIO",5
"CONFUSED CANDLES",5
"MIDNIGHT WESTWARD",5
"NEWTON LABYRINTH",5
"TRAMP OTHERS",5
"WILLOW TRACY",5
"WORST BANGER",5
"BIRCH ANTITRUST",5
"CHICAGO NORTH",5
"EXORCIST STING",5
"FURY MURDER",5
"LAWRENCE LOVE",5
"POSEIDON FOREVER",5
"SEATTLE EXPECATIONS",5
"UNFORGIVEN ZOOLANDER",5
"ANACONDA CONFESSIONS",5
"BEAR GRACELAND",5
"CHICKEN HELLFIGHTERS",5
"CLUB GRAFFITI",5
"DARN FORRESTER",5
"EXPECATIONS NATURAL",5
"GABLES METROPOLIS",5
"INSIDER ARIZONA",5
"JAWS HARRY",5
"MARS ROMAN",5
"RESURRECTION SILVERADO",5
"ROOTS REMEMBER",5
"SECRET GROUNDHOG",5
"UNITED PILOT",5
"WASH HEAVENLY",5
"AIRPLANE SIERRA",5
"ATTACKS HATE",5
"GREEK EVERYONE",5
"INSTINCT AIRPORT",5
"JEDI BENEATH",5
"KICK SAVANNAH",5
"MUSIC BOONDOCK",5
"POTTER CONNECTICUT",5
"REUNION WITCHES",5
"TAXI KICK",5
"DIRTY ACE",5
"GRINCH MASSAGE",5
"HOPE TOOTSIE",5
"IDAHO LOVE",5
"MILLION ACE",5
"ROUGE SQUAD",5
"TOMATOES HELLFIGHTERS",5
"VIRGIN DAISY",5
"WATCH TRACY",5
"ALABAMA DEVIL",5
"ANNIE IDENTITY",5
"BREAKFAST GOLDFINGER",5
"INTERVIEW LIAISONS",5
"NORTHWEST POLISH",5
"ROXANNE REBEL",5
"SATISFACTION CONFIDENTIAL",5
"SPINAL ROCKY",5
"SUMMER SCARFACE",5
"WATERFRONT DELIVERANCE",5
"WIZARD COLDBLOODED",5
"COAST RAINBOW",5
"DAY UNFAITHFUL",5
"EYES DRIVING",5
"GROOVE FICTION",5
"OUTBREAK DIVINE",5
"PRIDE ALAMO",5
"SIERRA DIVIDE",5
"COLDBLOODED DARLING",5
"DRAGONFLY STRANGERS",5
"IGBY MAKER",5
"JERICHO MULAN",5
"KISSING DOLLS",5
"PATIENT SISTER",5
"REAP UNFAITHFUL",5
"SILENCE KANE",5
"GROUNDHOG UNCUT",5
"HOLES BRANNIGAN",5
"LOUISIANA HARRY",5
"NOVOCAINE FLIGHT",5
"PATRIOT ROMAN",5
"TOURIST PELICAN",5
"WEEKEND PERSONAL",5
"ZOOLANDER FICTION",5
"BAKED CLEOPATRA",5
"CORE SUIT",5
"FRENCH HOLIDAY",5
"IMAGE PRINCESS",5
"MISSION ZOOLANDER",5
"MOTHER OLEANDER",5
"BLUES INSTINCT",5
"DRIVER ANNIE",5
"ENOUGH RAGING",5
"GORGEOUS BINGO",5
"MAJESTIC FLOATS",4
"MEMENTO ZOOLANDER",4
"MOTIONS DETAILS",4
"SUPER WYOMING",4
"TOWN ARK",4
"WEST LION",4
"ALLEY EVOLUTION",4
"BETRAYED REAR",4
"BOILED DARES",4
"CITIZEN SHREK",4
"COMFORTS RUSH",4
"CRAFT OUTFIELD",4
"DANCES NONE",4
"ENTRAPMENT SATISFACTION",4
"GUNFIGHTER MUSSOLINI",4
"HOLLYWOOD ANONYMOUS",4
"IMPOSSIBLE PREJUDICE",4
"LABYRINTH LEAGUE",4
"MOB DUFFEL",4
"NECKLACE OUTBREAK",4
"ODDS BOOGIE",4
"PEACH INNOCENT",4
"ROBBERY BRIGHT",4
"TWISTED PIRATES",4
"ARABIA DOGMA",4
"BONNIE HOLOCAUST",4
"EDGE KISSING",4
"FLASH WARS",4
"HUNGER ROOF",4
"PAJAMA JAWBREAKER",4
"PLUTO OLEANDER",4
"THEORY MERMAID",4
"TYCOON GATHERING",4
"WHALE BIKINI",4
"WORDS HUNTER",4
"BIKINI BORROWERS",4
"CHARADE DUFFEL",4
"DANGEROUS UPTOWN",4
"DONNIE ALLEY",4
"REEF SALUTE",4
"SORORITY QUEEN",4
"WANDA CHAMBER",4
"BILKO ANONYMOUS",4
"BORN SPINAL",4
"DRUMS DYNAMITE",4
"FLIGHT LIES",4
"GILBERT PELICAN",4
"JADE BUNCH",4
"MODEL FISH",4
"PANKY SUBMARINE",4
"POLISH BROOKLYN",4
"PURPLE MOVIE",4
"SHIP WONDERLAND",4
"STRANGERS GRAFFITI",4
"THIN SAGEBRUSH",4
"UNCUT SUICIDES",4
"ADAPTATION HOLES",4
"CREEPERS KANE",4
"DARKNESS WAR",4
"EVOLUTION ALTER",4
"FUGITIVE MAGUIRE",4
"HOMEWARD CIDER",4
"MICROCOSMOS PARADISE",4
"MODERN DORADO",4
"PERSONAL LADYBUGS",4
"STREAK RIDGEMONT",4
"ARMY FLINTSTONES",4
"DUDE BLINDNESS",4
"ELEMENT FREDDY",4
"FERRIS MOTHER",4
"GLASS DYING",4
"HAMLET WISDOM",4
"LAWLESS VISION",4
"LOCK REAR",4
"SEARCHERS WAIT",4
"SPARTACUS CHEAPER",4
"STAMPEDE DISTURBING",4
"VERTIGO NORTHWEST",4
"ARTIST COLDBLOODED",4
"BEACH HEARTBREAKERS",4
"DEVIL DESIRE",4
"QUILLS BULL",4
"SLIPPER FIDELITY",4
"TRANSLATION SUMMER",4
"WRATH MILE",4
"BOWFINGER GABLES",4
"CROW GREASE",4
"FOREVER CANDIDATE",4
"GREEDY ROOTS",4
"HANGING DEEP",4
"HOOK CHARIOTS",4
"HYSTERICAL GRAIL",4
"MADISON TRAP",4
"MONSTER SPARTACUS",4
"PARIS WEEKEND",4
"STATE WASTELAND",4
"SUBMARINE BED",4
"TRAP GUYS",4
"ANALYZE HOOSIERS",4
"CABIN FLASH",4
"DATE SPEED",4
"LONELY ELEPHANT",4
"MASK PEACH",4
"MONTEREY LABYRINTH",4
"NOON PAPI",4
"SHRUNK DIVINE",4
"VIETNAM SMOOCHY",4
"WASTELAND DIVINE",4
"AIRPORT POLLOCK",4
"CADDYSHACK JEDI",4
"CONQUERER NUTS",4
"DAUGHTER MADIGAN",4
"EXPRESS LONELY",4
"GAMES BOWFINGER",4
"HANOVER GALAXY",4
"JEEPERS WEDDING",4
"MADRE GABLES",4
"PARTY KNOCK",4
"PICKUP DRIVING",4
"RAGING AIRPLANE",4
"RIDER CADDYSHACK",4
"SASSY PACKER",4
"SIDE ARK",4
"SPIKING ELEMENT",4
"STEERS ARMAGEDDON",4
"TEEN APOLLO",4
"UPRISING UPTOWN",4
"DYING MAKER",4
"GANDHI KWAI",4
"GOLD RIVER",4
"IDENTITY LOVER",4
"PAST SUICIDES",4
"PILOT HOOSIERS",4
"SIEGE MADRE",4
"SMOOCHY CONTROL",4
"ANONYMOUS HUMAN",4
"BEDAZZLED MARRIED",4
"CALIFORNIA BIRDS",4
"DRAGON SQUAD",4
"FREAKY POCUS",4
"LOSER HUSTLER",4
"NOTORIOUS REUNION",4
"PATHS CONTROL",4
"SPIRIT FLINTSTONES",4
"TOOTSIE PILOT",4
"USUAL UNTOUCHABLES",4
"VIRTUAL SPOILERS",4
"BACKLASH UNDEFEATED",4
"BLANKET BEVERLY",4
"CYCLONE FAMILY",4
"FACTORY DRAGON",4
"MAGNOLIA FORRESTER",4
"MOONWALKER FOOL",4
"RINGS HEARTBREAKERS",4
"RULES HUMAN",4
"SATURN NAME",4
"STOCK GLASS",4
"TEMPLE ATTRACTION",4
"BEHAVIOR RUNAWAY",4
"BLINDNESS GUN",4
"DEEP CRUSADE",4
"DIVINE RESURRECTION",4
"ILLUSION AMELIE",4
"MOSQUITO ARMAGEDDON",4
"NASH CHOCOLAT",4
"REAR TRADING",4
"SILVERADO GOLDFINGER",4
"SPLASH GUMP",4
"TENENBAUMS COMMAND",4
"ALI FOREVER",4
"CHAMBER ITALIAN",4
"CINCINATTI WHISPERER",4
"DAISY MENAGERIE",4
"GATHERING CALENDAR",4
"HOLIDAY GAMES",4
"LIBERTY MAGNIFICENT",4
"LOVE SUICIDES",4
"MEET CHOCOLATE",4
"SHANE DARKNESS",4
"TURN STAR",4
"VALLEY PACKER",4
"CIRCUS YOUTH",4
"FRIDA SLIPPER",4
"GOSFORD DONNIE",3
"NATURAL STOCK",3
"OCTOBER SUBMARINE",3
"PRIX UNDEFEATED",3
"RUNNER MADIGAN",3
"SPOILERS HELLFIGHTERS",3
"TERMINATOR CLUB",3
"VAMPIRE WHALE",3
"FRISCO FORREST",3
"JINGLE SAGEBRUSH",3
"LOVER TRUMAN",3
"MAKER GABLES",3
"SONG HEDWIG",3
"SUPERFLY TRIP",3
"VANILLA DAY",3
"WAGON JAWS",3
"CHAPLIN LICENSE",3
"CRANES RESERVOIR",3
"DOLLS RAGE",3
"DROP WATERFRONT",3
"FROGMEN BREAKING",3
"GUYS FALCON",3
"LOVERBOY ATTACKS",3
"SCISSORHANDS SLUMS",3
"SQUAD FISH",3
"CARIBBEAN LIBERTY",3
"CRAZY HOME",3
"DESTINATION JERK",3
"DRUMLINE CYCLONE",3
"MOD SECRETARY",3
"OLEANDER CLUE",3
"SHINING ROSES",3
"STAGE WORLD",3
"STRANGER STRANGERS",3
"ACE GOLDFINGER",3
"BUGSY SONG",3
"DARES PLUTO",3
"EVERYONE CRAFT",3
"FEATHERS METAL",3
"HOME PITY",3
"HUNTING MUSKETEERS",3
"LAMBS CINCINATTI",3
"LUCKY FLYING",3
"MULAN MOON",3
"SADDLE ANTITRUST",3
"AMELIE HELLFIGHTERS",3
"CLOCKWORK PARADISE",3
"LANGUAGE COWBOY",3
"ROLLERCOASTER BRINGING",3
"SWEET BROTHERHOOD",3
"TIES HUNGER",3
"TRAINSPOTTING STRANGERS",3
"DARKO DORADO",3
"OPPOSITE NECKLACE",3
"PET HAUNTING",3
"SAINTS BRIDE",3
"UNFAITHFUL KILL",3
"AFRICAN EGG",3
"CASPER DRAGONFLY",3
"ELEPHANT TROJAN",3
"JAWBREAKER BROOKLYN",3
"KANE EXORCIST",3
"MONSOON CAUSE",3
"OPUS ICE",3
"RESERVOIR ADAPTATION",3
"SPEAKEASY DATE",3
"VICTORY ACADEMY",3
"WARS PLUTO",3
"BIRD INDEPENDENCE",3
"CONNECTICUT TRAMP",3
"DOUBTFIRE LABYRINTH",3
"HEDWIG ALTER",3
"LOLITA WORLD",3
"MIGHTY LUCK",3
"POTLUCK MIXED",3
"SHREK LICENSE",3
"WINDOW SIDE",3
"BEAST HUNCHBACK",3
"BIRDCAGE CASPER",3
"BRANNIGAN SUNRISE",3
"CASUALTIES ENCINO",3
"HOOSIERS BIRDCAGE",3
"MILE MULAN",3
"SANTA PARIS",3
"SMILE EARRING",3
"WISDOM WORKER",3
"WYOMING STORM",3
"CHISUM BEHAVIOR",3
"FIDDLER LOST",3
"GODFATHER DIARY",3
"LORD ARIZONA",3
"MONTEZUMA COMMAND",3
"NORTH TEQUILA",3
"AUTUMN CROW",3
"CHITTY LOCK",3
"CLYDE THEORY",3
"RANDOM GO",3
"UPTOWN YOUNG",3
"BREAKING HOME",3
"JEOPARDY ENCINO",3
"LEGEND JEDI",3
"MASSAGE IMAGE",3
"RIGHT CRANES",3
"SENSIBILITY REAR",3
"ANTHEM LUKE",3
"BEETHOVEN EXORCIST",3
"ENDING CROWDS",3
"FINDING ANACONDA",3
"GROSSE WONDERFUL",3
"LOST BIRD",3
"MINORITY KISS",3
"NOTTING SPEAKEASY",3
"SNATCHERS MONTEZUMA",3
"SPIRITED CASUALTIES",3
"BRIGHT ENCOUNTERS",3
"DADDY PITTSBURGH",3
"MAGUIRE APACHE",3
"PITTSBURGH HUNCHBACK",3
"RUN PACIFIC",3
"SAVANNAH TOWN",3
"STONE FIRE",3
"VALENTINE VANISHING",3
"WON DARES",3
"BENEATH RUSH",3
"IRON MOON",3
"JERSEY SASSY",3
"KRAMER CHOCOLATE",3
"NUTS TIES",3
"TOWERS HURRICANE",3
"WEREWOLF LOLA",3
"CHAMPION FLATLINERS",3
"HAUNTED ANTITRUST",2
"HOLLOW JEOPARDY",2
"IMPACT ALADDIN",2
"ISHTAR ROCKETEER",2
"LICENSE WEEKEND",2
"MIXED DOORS",2
"PIZZA JUMANJI",2
"RECORDS ZORRO",2
"APOCALYPSE FLAMINGOS",2
"BALLROOM MOCKINGBIRD",2
"DESIRE ALIEN",2
"GRACELAND DYNAMITE",2
"MENAGERIE RUSHMORE",2
"PLATOON INSTINCT",2
"SCHOOL JACKET",2
"TEXAS WATCH",2
"BANG KWAI",2
"BUBBLE GROSSE",2
"DESPERATE TRAINSPOTTING",2
"GHOSTBUSTERS ELF",2
"HAWK CHILL",2
"ITALIAN AFRICAN",2
"LIFE TWISTED",2
"OKLAHOMA JUMANJI",2
"PUNK DIVORCE",2
"REDS POCUS",2
"RUSHMORE MERMAID",2
"VANISHED GARDEN",2
"EVE RESURRECTION",2
"FRONTIER CABIN",2
"HOLY TADPOLE",2
"HUNTER ALTER",2
"LADYBUGS ARMAGEDDON",2
"LIGHTS DEER",2
"LUCK OPUS",2
"PANIC CLUB",2
"TRAFFIC HOBBIT",2
"CLERKS ANGELS",2
"GRAIL FRANKENSTEIN",2
"JUMANJI BLADE",2
"SOUP WISDOM",2
"TRAIN BUNCH",2
"DUCK RACER",2
"HALLOWEEN NUTS",2
"INFORMER DOUBLE",2
"JAPANESE RUN",2
"LUKE MUMMY",2
"MULHOLLAND BEAST",2
"NEWSIES STORY",2
"STALLION SUNDANCE",2
"WILD APOLLO",2
"WORLD LEATHERNECKS",2
"BULWORTH COMMANDMENTS",2
"FULL FLATLINERS",2
"HEAVENLY GUN",2
"JUNGLE CLOSER",2
"MANNEQUIN WORST",2
"PAPI NECKLACE",2
"SLING LUKE",2
"WARLOCK WEREWOLF",2
"BUNCH MINDS",2
"DARLING BREAKING",2
"DUFFEL APOCALYPSE",2
"MADIGAN DORADO",2
"PHANTOM GLORY",2
"CASSIDY WYOMING",2
"DIARY PANIC",2
"DUMBO LUST",2
"ELF MURDER",2
"FEVER EMPIRE",2
"GLORY TRACY",2
"SPEED SUIT",2
"TARZAN VIDEOTAPE",2
"CLUE GRAIL",2
"CONNECTION MICROCOSMOS",2
"CRUELTY UNFORGIVEN",2
"ELIZABETH SHANE",2
"LEATHERNECKS DWARFS",2
"PARK CITIZEN",2
"TREATMENT JEKYLL",2
"UNTOUCHABLES SUNRISE",2
"BRAVEHEART HUMAN",2
"CRUSADE HONEY",2
"DOZEN LION",2
"DWARFS ALTER",2
"KILLER INNOCENT",2
"BED HIGHBALL",2
"CONSPIRACY SPIRIT",2
"EXTRAORDINARY CONQUERER",2
"HAPPINESS UNITED",2
"KING EVOLUTION",2
"LEGALLY SECRETARY",2
"MAGIC MALLRATS",2
"MUSSOLINI SPOILERS",2
"PRESIDENT BANG",2
"SENSE GREEK",2
"YOUNG LANGUAGE",2
"BABY HALL",2
"HARDLY ROBBERS",2
"INTOLERABLE INTENTIONS",2
"MAGNIFICENT CHITTY",2
"MYSTIC TRUMAN",2
"WATERSHIP FRONTIER",2
"YOUTH KICK",2
"CONTROL ANTHEM",2
"HAROLD FRENCH",2
"HOTEL HAPPINESS",2
"LESSON CLEOPATRA",2
"MATRIX SNOWMAN",2
"SEVEN SWARM",2
"VISION TORQUE",2
"ZHIVAGO CORE",2
"ANTITRUST TOMATOES",2
"EARLY HOME",2
"FIRE WOLVES",2
"FREEDOM CLEOPATRA",2
"GONE TROUBLE",2
"MAUDE MOD",2
"MIRACLE VIRTUAL",2
"ANYTHING SAVANNAH",2
"BLOOD ARGONAUTS",2
"DIVORCE SHINING",2
"PRIVATE DROP",2
"REBEL AIRPORT",2
"RUNAWAY TENENBAUMS",2
"SIMON NORTH",2
"SOLDIERS EVOLUTION",2
"SUNSET RACER",2
"TEQUILA PAST",2
"WONDERFUL DROP",2
"COMANCHEROS ENEMY",2
"COWBOY DOOM",2
"DOCTOR GRAIL",2
